ID_MISSION,ID_PERSONNEL,KeyDate
BERLIN_202404290,KeyPers_Berlin_1233512,20240429
BERLIN_202404291,KeyPers_Berlin_1233383,20240429
BERLIN_202404292,KeyPers_Berlin_1231880,20240429
BERLIN_202404293,KeyPers_Berlin_1230994,20240429
BERLIN_202404294,KeyPers_Berlin_1233557,20240429
BERLIN_202404295,KeyPers_Berlin_1232849,20240429
BERLIN_202404296,KeyPers_Berlin_1232819,20240429
BERLIN_202404297,KeyPers_Berlin_1233315,20240429
BERLIN_202404298,KeyPers_Berlin_1233707,20240429
BERLIN_202404299,KeyPers_Berlin_1233349,20240429
BERLIN_2024042910,KeyPers_Berlin_1230128,20240429
BERLIN_2024042911,KeyPers_Berlin_1232574,20240429
BERLIN_2024042912,KeyPers_Berlin_1232027,20240429
BERLIN_2024042913,KeyPers_Berlin_1232122,20240429
BERLIN_2024042914,KeyPers_Berlin_1231435,20240429
BERLIN_2024042915,KeyPers_Berlin_1230903,20240429
BERLIN_2024042916,KeyPers_Berlin_1232806,20240429
BERLIN_2024042917,KeyPers_Berlin_1232614,20240429
BERLIN_2024042918,KeyPers_Berlin_1233235,20240429
BERLIN_2024042919,KeyPers_Berlin_1233969,20240429
BERLIN_2024042920,KeyPers_Berlin_1233515,20240429
BERLIN_2024042921,KeyPers_Berlin_1232224,20240429
BERLIN_2024042922,KeyPers_Berlin_1232273,20240429
BERLIN_2024042923,KeyPers_Berlin_1232989,20240429
BERLIN_2024042924,KeyPers_Berlin_1233346,20240429
BERLIN_2024042925,KeyPers_Berlin_1231142,20240429
BERLIN_2024042926,KeyPers_Berlin_1233165,20240429
Paris_202404290,KeyPers_Paris_1230217,20240429
Paris_202404291,KeyPers_Paris_1234381,20240429
Paris_202404292,KeyPers_Paris_1230405,20240429
Paris_202404293,KeyPers_Paris_1233778,20240429
Paris_202404294,KeyPers_Paris_1231123,20240429
Paris_202404295,KeyPers_Paris_1234913,20240429
Paris_202404296,KeyPers_Paris_1234692,20240429
Paris_202404297,KeyPers_Paris_1230445,20240429
Paris_202404298,KeyPers_Paris_1231078,20240429
Paris_202404299,KeyPers_Paris_1231441,20240429
Paris_2024042910,KeyPers_Paris_1232857,20240429
Paris_2024042911,KeyPers_Paris_1230821,20240429
Paris_2024042912,KeyPers_Paris_1230753,20240429
Paris_2024042913,KeyPers_Paris_1234392,20240429
Paris_2024042914,KeyPers_Paris_1230254,20240429
Paris_2024042915,KeyPers_Paris_1234477,20240429
Paris_2024042916,KeyPers_Paris_1230115,20240429
Paris_2024042917,KeyPers_Paris_1234436,20240429
Paris_2024042918,KeyPers_Paris_1232663,20240429
Paris_2024042919,KeyPers_Paris_1234429,20240429
Paris_2024042920,KeyPers_Paris_1231907,20240429
Paris_2024042921,KeyPers_Paris_1231469,20240429
Paris_2024042922,KeyPers_Paris_1234104,20240429
Paris_2024042923,KeyPers_Paris_1231639,20240429
Paris_2024042924,KeyPers_Paris_1233744,20240429
Paris_2024042925,KeyPers_Paris_1232884,20240429
Paris_2024042926,KeyPers_Paris_1234463,20240429
Paris_2024042927,KeyPers_Paris_1231870,20240429
Paris_2024042928,KeyPers_Paris_1231581,20240429
Paris_2024042929,KeyPers_Paris_1234403,20240429
Paris_2024042930,KeyPers_Paris_1232479,20240429
Paris_2024042931,KeyPers_Paris_1232933,20240429
Paris_2024042932,KeyPers_Paris_1233666,20240429
LONDON_202404290,KeyPers_London_1232071,20240429
LONDON_202404291,KeyPers_London_1231774,20240429
LONDON_202404292,KeyPers_London_1233975,20240429
LONDON_202404293,KeyPers_London_1230703,20240429
LONDON_202404294,KeyPers_London_1232362,20240429
LONDON_202404295,KeyPers_London_1233771,20240429
LONDON_202404296,KeyPers_London_1232894,20240429
LONDON_202404297,KeyPers_London_1231591,20240429
LONDON_202404298,KeyPers_London_1231942,20240429
LONDON_202404299,KeyPers_London_1233029,20240429
LONDON_2024042910,KeyPers_London_1230409,20240429
LONDON_2024042911,KeyPers_London_1232805,20240429
LONDON_2024042912,KeyPers_London_1231856,20240429
LONDON_2024042913,KeyPers_London_1232960,20240429
LONDON_2024042914,KeyPers_London_1233959,20240429
LONDON_2024042915,KeyPers_London_1232253,20240429
LA_202404290,KeyPers_LA_1231932,20240429
LA_202404291,KeyPers_LA_1231925,20240429
LA_202404293,KeyPers_LA_1231420,20240429
LA_202404295,KeyPers_LA_1232903,20240429
LA_202404296,KeyPers_LA_1230109,20240429
LA_202404297,KeyPers_LA_1230284,20240429
LA_202404299,KeyPers_LA_1232887,20240429
LA_2024042910,KeyPers_LA_1231072,20240429
LA_2024042911,KeyPers_LA_1232897,20240429
LA_2024042913,KeyPers_LA_1230293,20240429
LA_2024042914,KeyPers_LA_1230467,20240429
LA_2024042915,KeyPers_LA_1232351,20240429
NewYork_202404290,KeyPers_NewYork_1230004,20240429
NewYork_202404291,KeyPers_NewYork_1232879,20240429
NewYork_202404292,KeyPers_NewYork_1231836,20240429
NewYork_202404293,KeyPers_NewYork_1232303,20240429
NewYork_202404295,KeyPers_NewYork_1232837,20240429
NewYork_202404296,KeyPers_NewYork_1232998,20240429
NewYork_202404297,KeyPers_NewYork_1230502,20240429
NewYork_202404298,KeyPers_NewYork_1232672,20240429
NewYork_2024042910,KeyPers_NewYork_1231846,20240429
NewYork_2024042911,KeyPers_NewYork_1230646,20240429
NewYork_2024042912,KeyPers_NewYork_1232245,20240429
NewYork_2024042914,KeyPers_NewYork_1232906,20240429
NewYork_2024042916,KeyPers_NewYork_1231969,20240429
NewYork_2024042917,KeyPers_NewYork_1231108,20240429
NewYork_2024042918,KeyPers_NewYork_1232761,20240429
NewYork_2024042919,KeyPers_NewYork_1231240,20240429
NewYork_2024042920,KeyPers_NewYork_1232294,20240429
NewYork_2024042921,KeyPers_NewYork_1230251,20240429
NewYork_2024042922,KeyPers_NewYork_1232422,20240429
NewYork_2024042923,KeyPers_NewYork_1232977,20240429
NewYork_2024042924,KeyPers_NewYork_1232370,20240429
NewYork_2024042925,KeyPers_NewYork_1232683,20240429
NewYork_2024042926,KeyPers_NewYork_1230713,20240429
NewYork_2024042927,KeyPers_NewYork_1232560,20240429
NewYork_2024042928,KeyPers_NewYork_1230832,20240429
NewYork_2024042929,KeyPers_NewYork_1231719,20240429
NewYork_2024042932,KeyPers_NewYork_1231945,20240429
NewYork_2024042933,KeyPers_NewYork_1232457,20240429
NewYork_2024042934,KeyPers_NewYork_1232198,20240429
Shanghai_202404290,KeyPers_Shanghai_1230893,20240429
Shanghai_202404291,KeyPers_Shanghai_1230742,20240429
Shanghai_202404292,KeyPers_Shanghai_1230918,20240429
Shanghai_202404293,KeyPers_Shanghai_1230341,20240429
Shanghai_202404294,KeyPers_Shanghai_1230448,20240429
Shanghai_202404296,KeyPers_Shanghai_1230054,20240429
Shanghai_202404297,KeyPers_Shanghai_1230262,20240429
Shanghai_202404298,KeyPers_Shanghai_1230543,20240429
Shanghai_202404299,KeyPers_Shanghai_1230175,20240429
Shanghai_2024042910,KeyPers_Shanghai_1230247,20240429
Shanghai_2024042911,KeyPers_Shanghai_1230538,20240429
Shanghai_2024042912,KeyPers_Shanghai_1230225,20240429
Shanghai_2024042913,KeyPers_Shanghai_1230636,20240429
Shanghai_2024042915,KeyPers_Shanghai_1230984,20240429
Shanghai_2024042917,KeyPers_Shanghai_1230352,20240429
Shanghai_202404306,KeyPers_Shanghai_1230365,20240429
Shanghai_202404308,KeyPers_Shanghai_1230109,20240429
Shanghai_202404309,KeyPers_Shanghai_1230600,20240429
Shanghai_2024043010,KeyPers_Shanghai_1230656,20240429
Shanghai_2024043012,KeyPers_Shanghai_1230734,20240429
